{
    "key": "group_67a63e6218f46",
    "title": "Byline + Attribution",
    "fields": [
        {
            "allow_backendsearch": false,
            "show_column_filter": false,
            "allow_bulkedit": 0,
            "allow_quickedit": 0,
            "show_column": 1,
            "show_column_weight": 1000,
            "show_column_sortable": false,
            "key": "field_67a65d3756777",
            "label": "Internal Authors",
            "name": "internal_authors",
            "aria-label": "",
            "type": "post_object",
            "instructions": "",
            "required": 0,
            "conditional_logic": [
                [
                    {
                        "field": "field_67a63e6262449",
                        "operator": "==empty"
                    }
                ]
            ],
            "wrapper": {
                "width": "",
                "class": "",
                "id": ""
            },
            "post_type": [
                "person"
            ],
            "post_status": [
                "publish"
            ],
            "taxonomy": "",
            "return_format": "id",
            "multiple": 1,
            "allow_null": 1,
            "allow_in_bindings": 0,
            "bidirectional": 0,
            "ui": 1,
            "bidirectional_target": []
        },
        {
            "allow_backendsearch": 0,
            "show_column_filter": false,
            "allow_bulkedit": 0,
            "allow_quickedit": 0,
            "show_column": 1,
            "show_column_weight": 1000,
            "show_column_sortable": 0,
            "key": "field_67a63e6262449",
            "label": "Custom Byline",
            "name": "external_byline",
            "aria-label": "",
            "type": "text",
            "instructions": "",
            "required": 0,
            "conditional_logic": [
                [
                    {
                        "field": "field_67a65d3756777",
                        "operator": "==empty"
                    }
                ]
            ],
            "wrapper": {
                "width": "",
                "class": "",
                "id": ""
            },
            "default_value": "",
            "maxlength": "",
            "allow_in_bindings": 0,
            "placeholder": "",
            "prepend": "",
            "append": ""
        },
        {
            "allow_backendsearch": 0,
            "show_column_filter": false,
            "allow_bulkedit": 0,
            "allow_quickedit": 0,
            "show_column": 0,
            "show_column_weight": 1000,
            "show_column_sortable": false,
            "key": "field_6786ec60791c7",
            "label": "Original Publication",
            "name": "reprint_publication",
            "aria-label": "",
            "type": "text",
            "instructions": "",
            "required": 0,
            "conditional_logic": 0,
            "wrapper": {
                "width": "",
                "class": "",
                "id": ""
            },
            "default_value": "",
            "maxlength": "",
            "allow_in_bindings": 0,
            "placeholder": "",
            "prepend": "",
            "append": ""
        },
        {
            "allow_backendsearch": 0,
            "show_column_filter": false,
            "allow_bulkedit": 0,
            "allow_quickedit": 0,
            "show_column": 0,
            "show_column_weight": 1000,
            "show_column_sortable": false,
            "key": "field_6786ec91791c8",
            "label": "Orignial Publication URL",
            "name": "reprint_url",
            "aria-label": "",
            "type": "url",
            "instructions": "",
            "required": 0,
            "conditional_logic": 0,
            "wrapper": {
                "width": "",
                "class": "",
                "id": ""
            },
            "default_value": "",
            "allow_in_bindings": 0,
            "placeholder": ""
        }
    ],
    "location": [
        [
            {
                "param": "post_type",
                "operator": "==",
                "value": "post"
            }
        ]
    ],
    "menu_order": 0,
    "position": "normal",
    "style": "default",
    "label_placement": "top",
    "instruction_placement": "label",
    "hide_on_screen": "",
    "active": true,
    "description": "",
    "show_in_rest": 0,
    "qef_simple_location_rules": 0,
    "modified": 1741212156
}
