{
    "key": "group_67b4ad24da9db",
    "title": "Timeline Block",
    "fields": [
        {
            "key": "field_67b4ad25c27c5",
            "label": "Timeline",
            "name": "timeline",
            "aria-label": "",
            "type": "repeater",
            "instructions": "",
            "required": 0,
            "conditional_logic": 0,
            "wrapper": {
                "width": "",
                "class": "",
                "id": ""
            },
            "layout": "block",
            "pagination": 0,
            "min": 0,
            "max": 0,
            "collapsed": "",
            "button_label": "Add Row",
            "rows_per_page": 20,
            "sub_fields": [
                {
                    "key": "field_67b4aec9c27c7",
                    "label": "Year",
                    "name": "yearhed",
                    "aria-label": "",
                    "type": "text",
                    "instructions": "",
                    "required": 0,
                    "conditional_logic": 0,
                    "wrapper": {
                        "width": "",
                        "class": "",
                        "id": ""
                    },
                    "admin_column_enabled": 0,
                    "default_value": "",
                    "maxlength": "",
                    "allow_in_bindings": 0,
                    "placeholder": "",
                    "prepend": "",
                    "append": "",
                    "parent_repeater": "field_67b4ad25c27c5"
                },
                {
                    "key": "field_67b4aedcc27c8",
                    "label": "Events",
                    "name": "events",
                    "aria-label": "",
                    "type": "repeater",
                    "instructions": "",
                    "required": 0,
                    "conditional_logic": 0,
                    "wrapper": {
                        "width": "",
                        "class": "",
                        "id": ""
                    },
                    "layout": "row",
                    "min": 0,
                    "max": 0,
                    "collapsed": "",
                    "button_label": "Add Row",
                    "rows_per_page": 20,
                    "sub_fields": [
                        {
                            "key": "field_67b4b7cdcde18",
                            "label": "Thumbnail",
                            "name": "thumbnail",
                            "aria-label": "",
                            "type": "image",
                            "instructions": "",
                            "required": 0,
                            "conditional_logic": 0,
                            "wrapper": {
                                "width": "",
                                "class": "",
                                "id": ""
                            },
                            "admin_column_enabled": 0,
                            "return_format": "array",
                            "library": "all",
                            "min_width": "",
                            "min_height": "",
                            "min_size": "",
                            "max_width": "",
                            "max_height": "",
                            "max_size": "",
                            "mime_types": "",
                            "allow_in_bindings": 0,
                            "preview_size": "medium",
                            "parent_repeater": "field_67b4aedcc27c8"
                        },
                        {
                            "key": "field_67b4b1b83d555",
                            "label": "Statistic",
                            "name": "eventstat",
                            "aria-label": "",
                            "type": "text",
                            "instructions": "",
                            "required": 0,
                            "conditional_logic": [
                                [
                                    {
                                        "field": "field_67b4b8b3d5557",
                                        "operator": "==empty"
                                    }
                                ]
                            ],
                            "wrapper": {
                                "width": "",
                                "class": "",
                                "id": ""
                            },
                            "admin_column_enabled": 0,
                            "default_value": "",
                            "maxlength": "",
                            "allow_in_bindings": 0,
                            "placeholder": "",
                            "prepend": "",
                            "append": "",
                            "parent_repeater": "field_67b4aedcc27c8"
                        },
                        {
                            "key": "field_67b4af08c27c9",
                            "label": "Heading",
                            "name": "eventhed",
                            "aria-label": "",
                            "type": "text",
                            "instructions": "",
                            "required": 0,
                            "conditional_logic": 0,
                            "wrapper": {
                                "width": "",
                                "class": "",
                                "id": ""
                            },
                            "admin_column_enabled": 0,
                            "default_value": "",
                            "maxlength": "",
                            "allow_in_bindings": 1,
                            "placeholder": "",
                            "prepend": "",
                            "append": "",
                            "parent_repeater": "field_67b4aedcc27c8"
                        },
                        {
                            "key": "field_67b4b8b3d5557",
                            "label": "List Items",
                            "name": "items",
                            "aria-label": "",
                            "type": "repeater",
                            "instructions": "",
                            "required": 0,
                            "conditional_logic": [
                                [
                                    {
                                        "field": "field_67b4b1b83d555",
                                        "operator": "==empty"
                                    }
                                ]
                            ],
                            "wrapper": {
                                "width": "",
                                "class": "",
                                "id": ""
                            },
                            "layout": "table",
                            "min": 0,
                            "max": 0,
                            "collapsed": "",
                            "button_label": "Add Row",
                            "rows_per_page": 20,
                            "sub_fields": [
                                {
                                    "key": "field_67b4b8cfd5558",
                                    "label": "Item",
                                    "name": "item",
                                    "aria-label": "",
                                    "type": "text",
                                    "instructions": "",
                                    "required": 0,
                                    "conditional_logic": 0,
                                    "wrapper": {
                                        "width": "",
                                        "class": "",
                                        "id": ""
                                    },
                                    "admin_column_enabled": 0,
                                    "default_value": "",
                                    "maxlength": "",
                                    "allow_in_bindings": 0,
                                    "placeholder": "",
                                    "prepend": "",
                                    "append": "",
                                    "parent_repeater": "field_67b4b8b3d5557"
                                }
                            ],
                            "parent_repeater": "field_67b4aedcc27c8"
                        }
                    ],
                    "parent_repeater": "field_67b4ad25c27c5"
                }
            ]
        }
    ],
    "location": [
        [
            {
                "param": "block",
                "operator": "==",
                "value": "acf\/cg-list-timeline"
            }
        ]
    ],
    "menu_order": 0,
    "position": "normal",
    "style": "default",
    "label_placement": "top",
    "instruction_placement": "label",
    "hide_on_screen": "",
    "active": true,
    "description": "",
    "show_in_rest": 0,
    "modified": 1739982884
}
