{
    "key": "group_67a66808d7800",
    "title": "Page Hero Treatment",
    "fields": [
        {
            "key": "field_67a668095ab5a",
            "label": "Hero Treatment Type",
            "name": "hero_type",
            "aria-label": "",
            "type": "select",
            "instructions": "",
            "required": 0,
            "conditional_logic": 0,
            "wrapper": {
                "width": "",
                "class": "",
                "id": ""
            },
            "admin_column_enabled": 0,
            "choices": {
                "default": "Featured Image",
                "hide": "No hero",
                "gallery": "Gallery",
                "statistics": "Statistics",
                "project": "Featured Project"
            },
            "default_value": "image",
            "return_format": "value",
            "multiple": 0,
            "allow_null": 0,
            "allow_in_bindings": 0,
            "ui": 0,
            "ajax": 0,
            "placeholder": ""
        },
        {
            "key": "field_67a668c65ab5b",
            "label": "Gallery",
            "name": "hero_gallery",
            "aria-label": "",
            "type": "gallery",
            "instructions": "",
            "required": 0,
            "conditional_logic": [
                [
                    {
                        "field": "field_67a668095ab5a",
                        "operator": "==",
                        "value": "gallery"
                    }
                ]
            ],
            "wrapper": {
                "width": "",
                "class": "",
                "id": ""
            },
            "admin_column_enabled": 0,
            "return_format": "id",
            "library": "all",
            "min": "",
            "max": "",
            "min_width": "",
            "min_height": "",
            "min_size": "",
            "max_width": "",
            "max_height": "",
            "max_size": "",
            "mime_types": "",
            "insert": "append",
            "preview_size": "medium"
        },
        {
            "key": "field_67ae7710b13c7",
            "label": "Projects",
            "name": "hero_projects",
            "aria-label": "",
            "type": "relationship",
            "instructions": "",
            "required": 0,
            "conditional_logic": [
                [
                    {
                        "field": "field_67a668095ab5a",
                        "operator": "==",
                        "value": "project"
                    }
                ]
            ],
            "wrapper": {
                "width": "",
                "class": "",
                "id": ""
            },
            "admin_column_enabled": 0,
            "post_type": [
                "project"
            ],
            "post_status": [
                "publish"
            ],
            "taxonomy": "",
            "filters": [
                "search"
            ],
            "return_format": "id",
            "min": "",
            "max": "",
            "allow_in_bindings": 1,
            "elements": [
                "featured_image"
            ],
            "bidirectional": 0,
            "bidirectional_target": []
        },
        {
            "key": "field_674f6878d49fc",
            "label": "Statistics",
            "name": "hero_statistics",
            "aria-label": "",
            "type": "repeater",
            "instructions": "",
            "required": 0,
            "conditional_logic": [
                [
                    {
                        "field": "field_67a668095ab5a",
                        "operator": "==",
                        "value": "statistics"
                    }
                ]
            ],
            "wrapper": {
                "width": "",
                "class": "",
                "id": ""
            },
            "layout": "table",
            "pagination": 0,
            "min": 0,
            "max": 0,
            "collapsed": "",
            "button_label": "Add Row",
            "rows_per_page": 20,
            "sub_fields": [
                {
                    "key": "field_674f68d0d49ff",
                    "label": "Value",
                    "name": "value",
                    "aria-label": "",
                    "type": "text",
                    "instructions": "",
                    "required": 0,
                    "conditional_logic": 0,
                    "wrapper": {
                        "width": "",
                        "class": "",
                        "id": ""
                    },
                    "admin_column_enabled": 0,
                    "default_value": "",
                    "maxlength": "",
                    "allow_in_bindings": 0,
                    "placeholder": "",
                    "prepend": "",
                    "append": "",
                    "parent_repeater": "field_674f6878d49fc"
                },
                {
                    "key": "field_674f6897d49fd",
                    "label": "Label",
                    "name": "label",
                    "aria-label": "",
                    "type": "text",
                    "instructions": "",
                    "required": 0,
                    "conditional_logic": 0,
                    "wrapper": {
                        "width": "",
                        "class": "",
                        "id": ""
                    },
                    "admin_column_enabled": 0,
                    "default_value": "",
                    "maxlength": "",
                    "allow_in_bindings": 0,
                    "placeholder": "",
                    "prepend": "",
                    "append": "",
                    "parent_repeater": "field_674f6878d49fc"
                }
            ]
        },
        {
            "key": "field_67b3eb6b038e6",
            "label": "Subhead",
            "name": "subhead",
            "aria-label": "",
            "type": "text",
            "instructions": "",
            "required": 0,
            "conditional_logic": 0,
            "wrapper": {
                "width": "",
                "class": "",
                "id": ""
            },
            "admin_column_enabled": 0,
            "default_value": "",
            "maxlength": "",
            "allow_in_bindings": 0,
            "placeholder": "",
            "prepend": "",
            "append": ""
        }
    ],
    "location": [
        [
            {
                "param": "post_type",
                "operator": "==",
                "value": "page"
            }
        ],
        [
            {
                "param": "post_type",
                "operator": "==",
                "value": "project"
            }
        ],
        [
            {
                "param": "post_type",
                "operator": "==",
                "value": "sector"
            }
        ],
        [
            {
                "param": "post_type",
                "operator": "==",
                "value": "service"
            }
        ]
    ],
    "menu_order": 0,
    "position": "normal",
    "style": "default",
    "label_placement": "top",
    "instruction_placement": "label",
    "hide_on_screen": "",
    "active": true,
    "description": "",
    "show_in_rest": 0,
    "modified": 1739844827
}
