{
    "key": "group_672bc609c88c5",
    "title": "Pull Quote",
    "fields": [
        {
            "key": "field_67a4c3c3eeb92",
            "label": "Type",
            "name": "type",
            "aria-label": "",
            "type": "select",
            "instructions": "",
            "required": 0,
            "conditional_logic": 0,
            "wrapper": {
                "width": "",
                "class": "",
                "id": ""
            },
            "admin_column_enabled": 0,
            "choices": {
                "default": "Default",
                "all-center": "Centered",
                "excerpt": "Excerpt"
            },
            "default_value": false,
            "return_format": "value",
            "multiple": 0,
            "allow_null": 0,
            "allow_in_bindings": 0,
            "ui": 0,
            "ajax": 0,
            "placeholder": ""
        },
        {
            "key": "field_672bc6098990a",
            "label": "Quote",
            "name": "quote",
            "aria-label": "",
            "type": "textarea",
            "instructions": "",
            "required": 0,
            "conditional_logic": 0,
            "wrapper": {
                "width": "",
                "class": "",
                "id": ""
            },
            "admin_column_enabled": 0,
            "default_value": "",
            "maxlength": "",
            "allow_in_bindings": 1,
            "rows": 4,
            "placeholder": "",
            "new_lines": ""
        },
        {
            "key": "field_679bb411cf381",
            "label": "Team Member",
            "name": "team_member",
            "aria-label": "",
            "type": "post_object",
            "instructions": "",
            "required": 0,
            "conditional_logic": [
                [
                    {
                        "field": "field_672bc6348990c",
                        "operator": "==empty"
                    },
                    {
                        "field": "field_678940a94ba56",
                        "operator": "==empty"
                    }
                ]
            ],
            "wrapper": {
                "width": "",
                "class": "",
                "id": ""
            },
            "admin_column_enabled": 0,
            "post_type": [
                "person"
            ],
            "post_status": [
                "publish"
            ],
            "taxonomy": "",
            "return_format": "id",
            "multiple": 0,
            "allow_null": 1,
            "allow_in_bindings": 0,
            "bidirectional": 0,
            "ui": 1,
            "bidirectional_target": []
        },
        {
            "key": "field_672bc6348990c",
            "label": "Attribution",
            "name": "attribution",
            "aria-label": "",
            "type": "text",
            "instructions": "",
            "required": 0,
            "conditional_logic": [
                [
                    {
                        "field": "field_679bb411cf381",
                        "operator": "==empty"
                    }
                ]
            ],
            "wrapper": {
                "width": "",
                "class": "",
                "id": ""
            },
            "admin_column_enabled": 0,
            "default_value": "",
            "maxlength": "",
            "allow_in_bindings": 1,
            "placeholder": "",
            "prepend": "",
            "append": ""
        },
        {
            "key": "field_678940a94ba56",
            "label": "Affiliation",
            "name": "affiliation",
            "aria-label": "",
            "type": "text",
            "instructions": "",
            "required": 0,
            "conditional_logic": [
                [
                    {
                        "field": "field_679bb411cf381",
                        "operator": "==empty"
                    }
                ]
            ],
            "wrapper": {
                "width": "",
                "class": "",
                "id": ""
            },
            "admin_column_enabled": 0,
            "default_value": "",
            "maxlength": "",
            "allow_in_bindings": 0,
            "placeholder": "",
            "prepend": "",
            "append": ""
        }
    ],
    "location": [
        [
            {
                "param": "block",
                "operator": "==",
                "value": "acf\/cg-pullquote"
            }
        ]
    ],
    "menu_order": 0,
    "position": "normal",
    "style": "default",
    "label_placement": "top",
    "instruction_placement": "label",
    "hide_on_screen": "",
    "active": true,
    "description": "Editor Block",
    "show_in_rest": 0,
    "modified": 1738851972
}
