{
    "key": "group_6706d79cce2c4",
    "title": "Project Properties",
    "fields": [
        {
            "allow_backendsearch": false,
            "show_column_filter": false,
            "allow_bulkedit": false,
            "allow_quickedit": false,
            "show_column": false,
            "show_column_weight": 1000,
            "show_column_sortable": false,
            "key": "field_67102c142cc25",
            "label": "Photo Gallery",
            "name": "gallery",
            "aria-label": "",
            "type": "gallery",
            "instructions": "",
            "required": 0,
            "conditional_logic": 0,
            "wrapper": {
                "width": "",
                "class": "",
                "id": ""
            },
            "admin_column_enabled": 0,
            "return_format": "id",
            "library": "uploadedTo",
            "min": "",
            "max": "",
            "min_width": "",
            "min_height": "",
            "min_size": "",
            "max_width": "",
            "max_height": "",
            "max_size": "",
            "mime_types": "",
            "insert": "append",
            "preview_size": "medium"
        },
        {
            "allow_backendsearch": false,
            "show_column_filter": false,
            "allow_bulkedit": false,
            "allow_quickedit": false,
            "show_column": false,
            "show_column_weight": 1000,
            "show_column_sortable": false,
            "key": "field_672196c22c7b2",
            "label": "Case Study PDF",
            "name": "case_study",
            "aria-label": "",
            "type": "file",
            "instructions": "",
            "required": 0,
            "conditional_logic": 0,
            "wrapper": {
                "width": "",
                "class": "",
                "id": ""
            },
            "admin_column_enabled": 0,
            "return_format": "id",
            "library": "all",
            "min_size": "",
            "max_size": "",
            "mime_types": "",
            "allow_in_bindings": 0
        },
        {
            "allow_backendsearch": false,
            "show_column_filter": false,
            "allow_bulkedit": false,
            "allow_quickedit": false,
            "show_column": false,
            "show_column_weight": 1000,
            "show_column_sortable": false,
            "key": "field_67a671e440040",
            "label": "Project Facts",
            "name": "facts",
            "aria-label": "",
            "type": "group",
            "instructions": "",
            "required": 0,
            "conditional_logic": 0,
            "wrapper": {
                "width": "",
                "class": "",
                "id": ""
            },
            "layout": "block",
            "sub_fields": [
                {
                    "allow_backendsearch": 0,
                    "show_column_filter": false,
                    "allow_bulkedit": 0,
                    "allow_quickedit": 0,
                    "show_column": 1,
                    "show_column_weight": 1000,
                    "show_column_sortable": 1,
                    "key": "field_67218b8258f4d",
                    "label": "Client",
                    "name": "client",
                    "aria-label": "",
                    "type": "text",
                    "instructions": "",
                    "required": 0,
                    "conditional_logic": 0,
                    "wrapper": {
                        "width": "",
                        "class": "",
                        "id": ""
                    },
                    "default_value": "",
                    "maxlength": "",
                    "allow_in_bindings": 0,
                    "placeholder": "",
                    "prepend": "",
                    "append": ""
                },
                {
                    "allow_backendsearch": false,
                    "show_column_filter": false,
                    "allow_bulkedit": false,
                    "allow_quickedit": false,
                    "show_column": false,
                    "show_column_weight": 1000,
                    "show_column_sortable": false,
                    "key": "field_67218b6258f4b",
                    "label": "Facility Name",
                    "name": "facility",
                    "aria-label": "",
                    "type": "text",
                    "instructions": "",
                    "required": 0,
                    "conditional_logic": 0,
                    "wrapper": {
                        "width": "",
                        "class": "",
                        "id": ""
                    },
                    "admin_column_enabled": 0,
                    "default_value": "",
                    "maxlength": "",
                    "allow_in_bindings": 0,
                    "placeholder": "",
                    "prepend": "",
                    "append": ""
                },
                {
                    "allow_backendsearch": false,
                    "show_column_filter": false,
                    "allow_bulkedit": 0,
                    "allow_quickedit": 0,
                    "show_column": 1,
                    "show_column_weight": 1000,
                    "show_column_sortable": 1,
                    "key": "field_67218ba958f52",
                    "label": "Start Date",
                    "name": "start_date",
                    "aria-label": "",
                    "type": "date_picker",
                    "instructions": "",
                    "required": 0,
                    "conditional_logic": 0,
                    "wrapper": {
                        "width": "",
                        "class": "",
                        "id": ""
                    },
                    "display_format": "m\/d\/Y",
                    "return_format": "F Y",
                    "first_day": 1,
                    "allow_in_bindings": 0
                },
                {
                    "allow_backendsearch": false,
                    "show_column_filter": false,
                    "allow_bulkedit": 0,
                    "allow_quickedit": 0,
                    "show_column": 0,
                    "show_column_weight": 1000,
                    "show_column_sortable": false,
                    "key": "field_67218bf458f55",
                    "label": "Completed",
                    "name": "end_date",
                    "aria-label": "",
                    "type": "date_picker",
                    "instructions": "",
                    "required": 0,
                    "conditional_logic": 0,
                    "wrapper": {
                        "width": "",
                        "class": "",
                        "id": ""
                    },
                    "display_format": "m\/d\/Y",
                    "return_format": "F Y",
                    "first_day": 1,
                    "allow_in_bindings": 0
                },
                {
                    "allow_backendsearch": 0,
                    "show_column_filter": false,
                    "allow_bulkedit": 0,
                    "allow_quickedit": 0,
                    "show_column": 1,
                    "show_column_weight": 1000,
                    "show_column_sortable": false,
                    "key": "field_67218b7858f4c",
                    "label": "Location",
                    "name": "location",
                    "aria-label": "",
                    "type": "textarea",
                    "instructions": "",
                    "required": 0,
                    "conditional_logic": 0,
                    "wrapper": {
                        "width": "",
                        "class": "",
                        "id": ""
                    },
                    "default_value": "",
                    "maxlength": "",
                    "allow_in_bindings": 1,
                    "rows": 2,
                    "placeholder": "",
                    "new_lines": ""
                },
                {
                    "allow_backendsearch": false,
                    "show_column_filter": false,
                    "allow_bulkedit": false,
                    "allow_quickedit": false,
                    "show_column": false,
                    "show_column_weight": 1000,
                    "show_column_sortable": false,
                    "key": "field_67218b8858f4e",
                    "label": "Owner",
                    "name": "owner",
                    "aria-label": "",
                    "type": "text",
                    "instructions": "",
                    "required": 0,
                    "conditional_logic": 0,
                    "wrapper": {
                        "width": "",
                        "class": "",
                        "id": ""
                    },
                    "admin_column_enabled": 0,
                    "default_value": "",
                    "maxlength": "",
                    "allow_in_bindings": 0,
                    "placeholder": "",
                    "prepend": "",
                    "append": ""
                },
                {
                    "allow_backendsearch": false,
                    "show_column_filter": false,
                    "allow_bulkedit": false,
                    "allow_quickedit": false,
                    "show_column": false,
                    "show_column_weight": 1000,
                    "show_column_sortable": false,
                    "key": "field_67218b8e58f4f",
                    "label": "Architects",
                    "name": "architects",
                    "aria-label": "",
                    "type": "textarea",
                    "instructions": "",
                    "required": 0,
                    "conditional_logic": 0,
                    "wrapper": {
                        "width": "",
                        "class": "",
                        "id": ""
                    },
                    "admin_column_enabled": 0,
                    "default_value": "",
                    "maxlength": "",
                    "allow_in_bindings": 1,
                    "rows": 3,
                    "placeholder": "",
                    "new_lines": ""
                },
                {
                    "allow_backendsearch": false,
                    "show_column_filter": false,
                    "allow_bulkedit": false,
                    "allow_quickedit": false,
                    "show_column": false,
                    "show_column_weight": 1000,
                    "show_column_sortable": false,
                    "key": "field_67218b9c58f50",
                    "label": "Vendors",
                    "name": "vendors",
                    "aria-label": "",
                    "type": "textarea",
                    "instructions": "",
                    "required": 0,
                    "conditional_logic": 0,
                    "wrapper": {
                        "width": "",
                        "class": "",
                        "id": ""
                    },
                    "admin_column_enabled": 0,
                    "default_value": "",
                    "maxlength": "",
                    "allow_in_bindings": 1,
                    "rows": 3,
                    "placeholder": "",
                    "new_lines": ""
                },
                {
                    "allow_backendsearch": false,
                    "show_column_filter": false,
                    "allow_bulkedit": false,
                    "allow_quickedit": false,
                    "show_column": false,
                    "show_column_weight": 1000,
                    "show_column_sortable": false,
                    "key": "field_67218ba358f51",
                    "label": "Contractors",
                    "name": "contractors",
                    "aria-label": "",
                    "type": "textarea",
                    "instructions": "",
                    "required": 0,
                    "conditional_logic": 0,
                    "wrapper": {
                        "width": "",
                        "class": "",
                        "id": ""
                    },
                    "admin_column_enabled": 0,
                    "default_value": "",
                    "maxlength": "",
                    "allow_in_bindings": 1,
                    "rows": 3,
                    "placeholder": "",
                    "new_lines": ""
                }
            ]
        }
    ],
    "location": [
        [
            {
                "param": "post_type",
                "operator": "==",
                "value": "project"
            }
        ]
    ],
    "menu_order": 0,
    "position": "normal",
    "style": "default",
    "label_placement": "top",
    "instruction_placement": "label",
    "hide_on_screen": "",
    "active": true,
    "description": "",
    "show_in_rest": 0,
    "qef_simple_location_rules": 0,
    "modified": 1741111173
}
