{
    "key": "group_67a6853ad7351",
    "title": "Sitewide Contact Forms",
    "fields": [
        {
            "allow_backendsearch": false,
            "show_column_filter": false,
            "allow_bulkedit": false,
            "allow_quickedit": false,
            "show_column": false,
            "show_column_weight": 1000,
            "show_column_sortable": false,
            "key": "field_67a6853adf143",
            "label": "Sector contact form",
            "name": "sector_contact_form",
            "aria-label": "",
            "type": "forms",
            "instructions": "",
            "required": 0,
            "conditional_logic": 0,
            "wrapper": {
                "width": "",
                "class": "",
                "id": ""
            },
            "return_format": "id",
            "allow_null": 1,
            "multiple": 0,
            "allow_in_bindings": 0
        },
        {
            "allow_backendsearch": false,
            "show_column_filter": false,
            "allow_bulkedit": false,
            "allow_quickedit": false,
            "show_column": false,
            "show_column_weight": 1000,
            "show_column_sortable": false,
            "key": "field_67a685d12666e",
            "label": "Service contact form",
            "name": "service_contact_form",
            "aria-label": "",
            "type": "forms",
            "instructions": "",
            "required": 0,
            "conditional_logic": 0,
            "wrapper": {
                "width": "",
                "class": "",
                "id": ""
            },
            "return_format": "id",
            "allow_null": 1,
            "multiple": 0,
            "allow_in_bindings": 0
        },
        {
            "allow_backendsearch": false,
            "show_column_filter": false,
            "allow_bulkedit": false,
            "allow_quickedit": false,
            "show_column": false,
            "show_column_weight": 1000,
            "show_column_sortable": false,
            "key": "field_67a685de2666f",
            "label": "Office contact form",
            "name": "office_contact_form",
            "aria-label": "",
            "type": "forms",
            "instructions": "",
            "required": 0,
            "conditional_logic": 0,
            "wrapper": {
                "width": "",
                "class": "",
                "id": ""
            },
            "return_format": "id",
            "allow_null": 1,
            "multiple": 0,
            "allow_in_bindings": 0
        },
        {
            "allow_backendsearch": false,
            "show_column_filter": false,
            "allow_bulkedit": false,
            "allow_quickedit": false,
            "show_column": false,
            "show_column_weight": 1000,
            "show_column_sortable": false,
            "key": "field_67b3d13dc542c",
            "label": "Market Analysis contact form",
            "name": "market_analysis_signup_form",
            "aria-label": "",
            "type": "forms",
            "instructions": "",
            "required": 0,
            "conditional_logic": 0,
            "wrapper": {
                "width": "",
                "class": "",
                "id": ""
            },
            "return_format": "id",
            "allow_null": 1,
            "multiple": 0,
            "allow_in_bindings": 0
        }
    ],
    "location": [
        [
            {
                "param": "options_page",
                "operator": "==",
                "value": "cg-options"
            }
        ]
    ],
    "menu_order": 5,
    "position": "normal",
    "style": "default",
    "label_placement": "top",
    "instruction_placement": "label",
    "hide_on_screen": "",
    "active": true,
    "description": "",
    "show_in_rest": 0,
    "qef_simple_location_rules": 0,
    "modified": 1740769842
}
