{
    "key": "group_67b3e0d39e60e",
    "title": "Report Properties",
    "fields": [
        {
            "key": "field_67b3e10431540",
            "label": "Report PDF",
            "name": "report_pdf",
            "aria-label": "",
            "type": "file",
            "instructions": "",
            "required": 0,
            "conditional_logic": 0,
            "wrapper": {
                "width": "",
                "class": "",
                "id": ""
            },
            "admin_column_enabled": 0,
            "return_format": "id",
            "library": "uploadedTo",
            "min_size": "",
            "max_size": "",
            "mime_types": "",
            "allow_in_bindings": 0
        }
    ],
    "location": [
        [
            {
                "param": "post_type",
                "operator": "==",
                "value": "report"
            }
        ]
    ],
    "menu_order": 0,
    "position": "side",
    "style": "default",
    "label_placement": "top",
    "instruction_placement": "label",
    "hide_on_screen": "",
    "active": true,
    "description": "",
    "show_in_rest": 0,
    "modified": 1739845896
}
