{
    "key": "group_6706f23e55680",
    "title": "Office properties",
    "fields": [
        {
            "allow_backendsearch": 0,
            "show_column_filter": false,
            "allow_bulkedit": 0,
            "allow_quickedit": 0,
            "show_column": 1,
            "show_column_weight": 1000,
            "show_column_sortable": 1,
            "key": "field_67804f8d3dfac",
            "label": "Location",
            "name": "location",
            "aria-label": "",
            "type": "text",
            "instructions": "The name of the city or country the office is located in; displayed on some listing pages",
            "required": 0,
            "conditional_logic": 0,
            "wrapper": {
                "width": "",
                "class": "",
                "id": ""
            },
            "default_value": "",
            "maxlength": "",
            "allow_in_bindings": 0,
            "placeholder": "City Name",
            "prepend": "",
            "append": ""
        },
        {
            "allow_backendsearch": false,
            "show_column_filter": false,
            "allow_bulkedit": false,
            "allow_quickedit": false,
            "show_column": false,
            "show_column_weight": 1000,
            "show_column_sortable": false,
            "key": "field_679bc126cb4a5",
            "label": "Offices",
            "name": "office_details",
            "aria-label": "",
            "type": "repeater",
            "instructions": "",
            "required": 0,
            "conditional_logic": 0,
            "wrapper": {
                "width": "",
                "class": "",
                "id": ""
            },
            "layout": "row",
            "pagination": 0,
            "min": 0,
            "max": 0,
            "collapsed": "field_679bc1aecb4a6",
            "button_label": "Add Office",
            "rows_per_page": 20,
            "sub_fields": [
                {
                    "allow_backendsearch": false,
                    "show_column_filter": false,
                    "allow_bulkedit": false,
                    "allow_quickedit": false,
                    "show_column": false,
                    "show_column_weight": 1000,
                    "show_column_sortable": false,
                    "key": "field_679bc1aecb4a6",
                    "label": "Office Name",
                    "name": "name",
                    "aria-label": "",
                    "type": "text",
                    "instructions": "",
                    "required": 0,
                    "conditional_logic": 0,
                    "wrapper": {
                        "width": "",
                        "class": "",
                        "id": ""
                    },
                    "admin_column_enabled": 0,
                    "default_value": "",
                    "maxlength": "",
                    "allow_in_bindings": 0,
                    "placeholder": "",
                    "prepend": "",
                    "append": "",
                    "parent_repeater": "field_679bc126cb4a5"
                },
                {
                    "allow_backendsearch": false,
                    "show_column_filter": false,
                    "allow_bulkedit": false,
                    "allow_quickedit": false,
                    "show_column": false,
                    "show_column_weight": 1000,
                    "show_column_sortable": false,
                    "key": "field_670809e404829",
                    "label": "Address",
                    "name": "address",
                    "aria-label": "",
                    "type": "textarea",
                    "instructions": "",
                    "required": 0,
                    "conditional_logic": 0,
                    "wrapper": {
                        "width": "",
                        "class": "",
                        "id": ""
                    },
                    "admin_column_enabled": 0,
                    "default_value": "",
                    "maxlength": "",
                    "allow_in_bindings": 0,
                    "rows": 3,
                    "placeholder": "",
                    "new_lines": "br",
                    "parent_repeater": "field_679bc126cb4a5"
                },
                {
                    "allow_backendsearch": false,
                    "show_column_filter": false,
                    "allow_bulkedit": false,
                    "allow_quickedit": false,
                    "show_column": false,
                    "show_column_weight": 1000,
                    "show_column_sortable": false,
                    "key": "field_670809d304828",
                    "label": "Phone",
                    "name": "phone",
                    "aria-label": "",
                    "type": "text",
                    "instructions": "",
                    "required": 0,
                    "conditional_logic": 0,
                    "wrapper": {
                        "width": "",
                        "class": "",
                        "id": ""
                    },
                    "admin_column_enabled": 0,
                    "default_value": "",
                    "maxlength": "",
                    "allow_in_bindings": 0,
                    "placeholder": "",
                    "prepend": "",
                    "append": "",
                    "parent_repeater": "field_679bc126cb4a5"
                },
                {
                    "allow_backendsearch": false,
                    "show_column_filter": false,
                    "allow_bulkedit": false,
                    "allow_quickedit": false,
                    "show_column": false,
                    "show_column_weight": 1000,
                    "show_column_sortable": false,
                    "key": "field_670809ad04827",
                    "label": "Email",
                    "name": "email",
                    "aria-label": "",
                    "type": "email",
                    "instructions": "",
                    "required": 0,
                    "conditional_logic": 0,
                    "wrapper": {
                        "width": "",
                        "class": "",
                        "id": ""
                    },
                    "admin_column_enabled": 0,
                    "default_value": "",
                    "allow_in_bindings": 0,
                    "placeholder": "",
                    "prepend": "",
                    "append": "",
                    "parent_repeater": "field_679bc126cb4a5"
                }
            ]
        }
    ],
    "location": [
        [
            {
                "param": "post_type",
                "operator": "==",
                "value": "office"
            }
        ]
    ],
    "menu_order": -1,
    "position": "acf_after_title",
    "style": "default",
    "label_placement": "top",
    "instruction_placement": "label",
    "hide_on_screen": "",
    "active": true,
    "description": "",
    "show_in_rest": 0,
    "qef_simple_location_rules": 0,
    "modified": 1740441513
}
