{
    "key": "group_67b771587073a",
    "title": "Post Thumbnails",
    "fields": [
        {
            "allow_backendsearch": false,
            "show_column_filter": false,
            "allow_bulkedit": false,
            "allow_quickedit": false,
            "show_column": false,
            "show_column_weight": 1000,
            "show_column_sortable": false,
            "key": "field_67b771923079a",
            "label": "Post Type thumbnail placeholders",
            "name": "placeholders",
            "aria-label": "",
            "type": "repeater",
            "instructions": "",
            "required": 0,
            "conditional_logic": 0,
            "wrapper": {
                "width": "",
                "class": "",
                "id": ""
            },
            "layout": "block",
            "pagination": 0,
            "min": 0,
            "max": 0,
            "collapsed": "field_67b771ba3079b",
            "button_label": "Add Row",
            "rows_per_page": 20,
            "sub_fields": [
                {
                    "allow_backendsearch": false,
                    "show_column_filter": false,
                    "allow_bulkedit": false,
                    "allow_quickedit": false,
                    "show_column": false,
                    "show_column_weight": 1000,
                    "show_column_sortable": false,
                    "key": "field_67b771ba3079b",
                    "label": "Post Type",
                    "name": "type",
                    "aria-label": "",
                    "type": "select",
                    "instructions": "",
                    "required": 0,
                    "conditional_logic": 0,
                    "wrapper": {
                        "width": "",
                        "class": "",
                        "id": ""
                    },
                    "admin_column_enabled": 0,
                    "choices": {
                        "page": "Pages",
                        "service": "Services",
                        "sector": "Sectors",
                        "project": "Projects",
                        "office": "Offices",
                        "person": "People",
                        "post": "News Posts",
                        "event": "Events",
                        "report": "Market Analysis Reports",
                        "default": "All other content"
                    },
                    "default_value": false,
                    "return_format": "value",
                    "multiple": 0,
                    "allow_null": 0,
                    "allow_in_bindings": 0,
                    "ui": 0,
                    "ajax": 0,
                    "placeholder": "",
                    "parent_repeater": "field_67b771923079a"
                },
                {
                    "allow_backendsearch": false,
                    "show_column_filter": false,
                    "allow_bulkedit": false,
                    "allow_quickedit": false,
                    "show_column": false,
                    "show_column_weight": 1000,
                    "show_column_sortable": false,
                    "key": "field_67b7735406e5e",
                    "label": "Placeholder Image",
                    "name": "image",
                    "aria-label": "",
                    "type": "image",
                    "instructions": "",
                    "required": 0,
                    "conditional_logic": 0,
                    "wrapper": {
                        "width": "",
                        "class": "",
                        "id": ""
                    },
                    "admin_column_enabled": 0,
                    "return_format": "id",
                    "library": "all",
                    "min_width": "",
                    "min_height": "",
                    "min_size": "",
                    "max_width": "",
                    "max_height": "",
                    "max_size": "",
                    "mime_types": "",
                    "allow_in_bindings": 0,
                    "preview_size": "medium",
                    "parent_repeater": "field_67b771923079a"
                },
                {
                    "allow_backendsearch": false,
                    "show_column_filter": false,
                    "allow_bulkedit": false,
                    "allow_quickedit": false,
                    "show_column": false,
                    "show_column_weight": 1000,
                    "show_column_sortable": false,
                    "key": "field_67b772a13079c",
                    "label": "Placeholder Text",
                    "name": "text",
                    "aria-label": "",
                    "type": "text",
                    "instructions": "",
                    "required": 0,
                    "conditional_logic": 0,
                    "wrapper": {
                        "width": "",
                        "class": "",
                        "id": ""
                    },
                    "admin_column_enabled": 0,
                    "default_value": "",
                    "maxlength": "",
                    "allow_in_bindings": 0,
                    "placeholder": "",
                    "prepend": "",
                    "append": "",
                    "parent_repeater": "field_67b771923079a"
                },
                {
                    "allow_backendsearch": false,
                    "show_column_filter": false,
                    "allow_bulkedit": false,
                    "allow_quickedit": false,
                    "show_column": false,
                    "show_column_weight": 1000,
                    "show_column_sortable": false,
                    "key": "field_67b772be3079d",
                    "label": "Placeholder Background",
                    "name": "bg",
                    "aria-label": "",
                    "type": "select",
                    "instructions": "",
                    "required": 0,
                    "conditional_logic": 0,
                    "wrapper": {
                        "width": "",
                        "class": "",
                        "id": ""
                    },
                    "admin_column_enabled": 0,
                    "choices": {
                        "bg-timeless-gold": "Timeless Gold",
                        "bg-deep-steel": "Deep Steel",
                        "bg-legacy-red": "Legacy Red",
                        "bg-regal-purple": "Regal Purple",
                        "bg-steel-shade": "Steel Shade"
                    },
                    "default_value": "bg-timeless-gold",
                    "return_format": "value",
                    "multiple": 0,
                    "allow_null": 0,
                    "allow_in_bindings": 0,
                    "ui": 0,
                    "ajax": 0,
                    "placeholder": "",
                    "parent_repeater": "field_67b771923079a"
                }
            ]
        }
    ],
    "location": [
        [
            {
                "param": "options_page",
                "operator": "==",
                "value": "cg-options"
            }
        ]
    ],
    "menu_order": 1,
    "position": "normal",
    "style": "default",
    "label_placement": "top",
    "instruction_placement": "label",
    "hide_on_screen": "",
    "active": true,
    "description": "Control post-type specific fallback thumbnails",
    "show_in_rest": 0,
    "qef_simple_location_rules": 0,
    "modified": 1741622946
}
