{
    "key": "group_678868eddf976",
    "title": "Bios Block",
    "fields": [
        {
            "allow_backendsearch": false,
            "show_column_filter": false,
            "allow_bulkedit": false,
            "allow_quickedit": false,
            "show_column": false,
            "show_column_weight": 1000,
            "show_column_sortable": false,
            "key": "field_678868eeb1c4b",
            "label": "Selected team members",
            "name": "posts",
            "aria-label": "",
            "type": "relationship",
            "instructions": "",
            "required": 0,
            "conditional_logic": 0,
            "wrapper": {
                "width": "",
                "class": "",
                "id": ""
            },
            "admin_column_enabled": 0,
            "post_type": [
                "person"
            ],
            "post_status": [
                "publish"
            ],
            "taxonomy": "",
            "filters": [
                "search"
            ],
            "return_format": "id",
            "min": "",
            "max": "",
            "allow_in_bindings": 0,
            "elements": "",
            "bidirectional": 0,
            "bidirectional_target": []
        },
        {
            "allow_backendsearch": false,
            "show_column_filter": 0,
            "allow_bulkedit": 0,
            "allow_quickedit": 0,
            "show_column": 0,
            "show_column_weight": 1000,
            "show_column_sortable": false,
            "key": "field_67c2a75b76845",
            "label": "Display details",
            "name": "display",
            "aria-label": "",
            "type": "checkbox",
            "instructions": "",
            "required": 0,
            "conditional_logic": 0,
            "wrapper": {
                "width": "",
                "class": "",
                "id": ""
            },
            "choices": {
                "sectors": "Sectors",
                "contact": "Contact details",
                "bio_link": "Link to bio"
            },
            "default_value": [
                "sectors",
                "contact",
                "bio_link"
            ],
            "return_format": "value",
            "allow_custom": 0,
            "allow_in_bindings": 0,
            "layout": "vertical",
            "toggle": 0,
            "save_custom": 0,
            "custom_choice_button_text": "Add new choice"
        }
    ],
    "location": [
        [
            {
                "param": "block",
                "operator": "==",
                "value": "acf\/cg-list-team"
            }
        ]
    ],
    "menu_order": 0,
    "position": "normal",
    "style": "default",
    "label_placement": "top",
    "instruction_placement": "label",
    "hide_on_screen": "",
    "active": true,
    "description": "",
    "show_in_rest": 0,
    "qef_simple_location_rules": 0,
    "modified": 1740945747
}
