{
    "key": "group_6750cece67a6a",
    "title": "Person Properties",
    "fields": [
        {
            "allow_backendsearch": 1,
            "show_column_filter": false,
            "allow_bulkedit": 0,
            "allow_quickedit": 1,
            "show_column": 1,
            "show_column_weight": 500,
            "show_column_sortable": 1,
            "key": "field_6750cedfad86d",
            "label": "Role",
            "name": "role",
            "aria-label": "",
            "type": "text",
            "instructions": "",
            "required": 0,
            "conditional_logic": 0,
            "wrapper": {
                "width": "",
                "class": "",
                "id": ""
            },
            "default_value": "",
            "maxlength": "",
            "allow_in_bindings": 0,
            "placeholder": "",
            "prepend": "",
            "append": ""
        },
        {
            "allow_backendsearch": false,
            "show_column_filter": false,
            "allow_bulkedit": false,
            "allow_quickedit": false,
            "show_column": false,
            "show_column_weight": 1000,
            "show_column_sortable": false,
            "key": "field_6750cef6ad86e",
            "label": "Email",
            "name": "email",
            "aria-label": "",
            "type": "email",
            "instructions": "",
            "required": 0,
            "conditional_logic": 0,
            "wrapper": {
                "width": "",
                "class": "",
                "id": ""
            },
            "admin_column_enabled": 0,
            "default_value": "",
            "allow_in_bindings": 0,
            "placeholder": "",
            "prepend": "",
            "append": ""
        },
        {
            "allow_backendsearch": 0,
            "show_column_filter": false,
            "allow_bulkedit": 1,
            "allow_quickedit": 1,
            "show_column": 1,
            "show_column_weight": 1000,
            "show_column_sortable": 1,
            "key": "field_6750cf07a4c08",
            "label": "Phone",
            "name": "phone",
            "aria-label": "",
            "type": "text",
            "instructions": "",
            "required": 0,
            "conditional_logic": 0,
            "wrapper": {
                "width": "",
                "class": "",
                "id": ""
            },
            "default_value": "",
            "maxlength": "",
            "allow_in_bindings": 0,
            "placeholder": "",
            "prepend": "",
            "append": ""
        },
        {
            "allow_backendsearch": false,
            "show_column_filter": false,
            "allow_bulkedit": false,
            "allow_quickedit": false,
            "show_column": false,
            "show_column_weight": 1000,
            "show_column_sortable": false,
            "key": "field_679052fb187cc",
            "label": "LinkedIn",
            "name": "linkedin",
            "aria-label": "",
            "type": "url",
            "instructions": "",
            "required": 0,
            "conditional_logic": 0,
            "wrapper": {
                "width": "",
                "class": "",
                "id": ""
            },
            "admin_column_enabled": 0,
            "default_value": "",
            "allow_in_bindings": 0,
            "placeholder": ""
        },
        {
            "allow_backendsearch": false,
            "show_column_filter": 0,
            "allow_bulkedit": 1,
            "allow_quickedit": 1,
            "show_column": 1,
            "show_column_weight": 1000,
            "show_column_sortable": 1,
            "key": "field_6790517a38802",
            "label": "Contact Information",
            "name": "hide_contact",
            "aria-label": "",
            "type": "true_false",
            "instructions": "",
            "required": 0,
            "conditional_logic": 0,
            "wrapper": {
                "width": "",
                "class": "",
                "id": ""
            },
            "message": "",
            "default_value": 0,
            "allow_in_bindings": 0,
            "ui_on_text": "Hide",
            "ui_off_text": "Display",
            "ui": 1
        },
        {
            "allow_backendsearch": false,
            "show_column_filter": 0,
            "allow_bulkedit": 1,
            "allow_quickedit": 1,
            "show_column": 1,
            "show_column_weight": 1000,
            "show_column_sortable": 1,
            "key": "field_67afd333b8e85",
            "label": "Bio Page",
            "name": "generate_bio_page",
            "aria-label": "",
            "type": "true_false",
            "instructions": "",
            "required": 0,
            "conditional_logic": 0,
            "wrapper": {
                "width": "",
                "class": "",
                "id": ""
            },
            "message": "",
            "default_value": 0,
            "allow_in_bindings": 0,
            "ui_on_text": "Display",
            "ui_off_text": "Hide",
            "ui": 1
        },
        {
            "allow_backendsearch": false,
            "show_column_filter": false,
            "allow_bulkedit": false,
            "allow_quickedit": false,
            "show_column": false,
            "show_column_weight": 1000,
            "show_column_sortable": false,
            "key": "field_67a6629a3b91a",
            "label": "Ex Employee",
            "name": "ex_employee",
            "aria-label": "",
            "type": "true_false",
            "instructions": "",
            "required": 0,
            "conditional_logic": 0,
            "wrapper": {
                "width": "",
                "class": "",
                "id": ""
            },
            "admin_column_enabled": 1,
            "admin_column_position": "",
            "admin_column_width": "",
            "message": "",
            "default_value": 0,
            "allow_in_bindings": 0,
            "ui_on_text": "",
            "ui_off_text": "",
            "ui": 1
        }
    ],
    "location": [
        [
            {
                "param": "post_type",
                "operator": "==",
                "value": "person"
            }
        ]
    ],
    "menu_order": 0,
    "position": "side",
    "style": "default",
    "label_placement": "top",
    "instruction_placement": "label",
    "hide_on_screen": "",
    "active": true,
    "description": "",
    "show_in_rest": 0,
    "qef_simple_location_rules": 0,
    "modified": 1741798767
}
