{
    "key": "group_6707516388da1",
    "title": "Locale",
    "fields": [
        {
            "allow_backendsearch": false,
            "show_column_filter": 1,
            "allow_bulkedit": 0,
            "allow_quickedit": 0,
            "show_column": 1,
            "show_column_weight": 1000,
            "show_column_sortable": 1,
            "key": "field_67080e2f868f3",
            "label": "Locale",
            "name": "locale",
            "aria-label": "",
            "type": "button_group",
            "instructions": "",
            "required": 1,
            "conditional_logic": 0,
            "wrapper": {
                "width": "",
                "class": "",
                "id": ""
            },
            "choices": {
                "all": "All Locales",
                "na": "North America",
                "eu": "Europe"
            },
            "default_value": "all",
            "return_format": "value",
            "allow_null": 0,
            "allow_in_bindings": 0,
            "layout": "horizontal"
        }
    ],
    "location": [
        [
            {
                "param": "post_type",
                "operator": "==",
                "value": "sector"
            }
        ],
        [
            {
                "param": "post_type",
                "operator": "==",
                "value": "service"
            }
        ],
        [
            {
                "param": "post_type",
                "operator": "==",
                "value": "page"
            }
        ]
    ],
    "menu_order": 0,
    "position": "side",
    "style": "seamless",
    "label_placement": "top",
    "instruction_placement": "label",
    "hide_on_screen": "",
    "active": true,
    "description": "Admin-only labeling to identify EU focused content",
    "show_in_rest": 0,
    "qef_simple_location_rules": 0,
    "modified": 1740867636
}
