{
    "key": "group_67bf3bc96a7a6",
    "title": "Regional Settings",
    "fields": [
        {
            "allow_backendsearch": false,
            "show_column_filter": 0,
            "allow_bulkedit": 0,
            "allow_quickedit": 0,
            "show_column": 0,
            "show_column_weight": 1000,
            "show_column_sortable": false,
            "key": "field_67bf3bc955921",
            "label": "European Regions",
            "name": "eu_uk_continents",
            "aria-label": "",
            "type": "select",
            "instructions": "These continents will be treated as \"Europe\" for navigation purposes.",
            "required": 0,
            "conditional_logic": 0,
            "wrapper": {
                "width": "",
                "class": "",
                "id": ""
            },
            "choices": {
                "Europe": "Europe",
                "Africa": "Africa",
                "America": "America",
                "Antarctica": "Antarctica",
                "Asia": "Asia",
                "Atlantic": "Atlantic",
                "Australia": "Australia",
                "Indian": "Indian",
                "Pacific": "Pacific"
            },
            "default_value": [
                "Europe"
            ],
            "return_format": "value",
            "multiple": 1,
            "allow_null": 0,
            "allow_in_bindings": 1,
            "ui": 0,
            "ajax": 0,
            "placeholder": ""
        }
    ],
    "location": [
        [
            {
                "param": "options_page",
                "operator": "==",
                "value": "cg-options"
            }
        ]
    ],
    "menu_order": 0,
    "position": "normal",
    "style": "default",
    "label_placement": "top",
    "instruction_placement": "label",
    "hide_on_screen": "",
    "active": true,
    "description": "",
    "show_in_rest": 0,
    "qef_simple_location_rules": 0,
    "modified": 1741028880
}
