{
    "key": "group_6750a811659b9",
    "title": "Leadership Roles",
    "fields": [
        {
            "allow_backendsearch": false,
            "show_column_filter": false,
            "allow_bulkedit": false,
            "allow_quickedit": false,
            "show_column": 1,
            "show_column_weight": 1000,
            "show_column_sortable": false,
            "key": "field_675a02468628e",
            "label": "Office Leadership",
            "name": "offices",
            "aria-label": "",
            "type": "relationship",
            "instructions": "",
            "required": 0,
            "conditional_logic": 0,
            "wrapper": {
                "width": "",
                "class": "",
                "id": ""
            },
            "post_type": [
                "office"
            ],
            "post_status": "",
            "taxonomy": "",
            "filters": [
                "search"
            ],
            "return_format": "id",
            "min": "",
            "max": "",
            "allow_in_bindings": 0,
            "elements": "",
            "bidirectional": 1,
            "bidirectional_target": [
                "field_6750ccf6e74c7"
            ]
        },
        {
            "allow_backendsearch": false,
            "show_column_filter": false,
            "allow_bulkedit": false,
            "allow_quickedit": false,
            "show_column": 1,
            "show_column_weight": 1000,
            "show_column_sortable": false,
            "key": "field_6750a860c43c0",
            "label": "Sector Leadership",
            "name": "sectors",
            "aria-label": "",
            "type": "relationship",
            "instructions": "",
            "required": 0,
            "conditional_logic": 0,
            "wrapper": {
                "width": "",
                "class": "",
                "id": ""
            },
            "post_type": [
                "sector"
            ],
            "post_status": "",
            "taxonomy": "",
            "filters": [
                "search"
            ],
            "return_format": "id",
            "min": "",
            "max": "",
            "allow_in_bindings": 0,
            "elements": "",
            "bidirectional": 1,
            "bidirectional_target": [
                "field_6750c6ebc0499"
            ]
        },
        {
            "allow_backendsearch": false,
            "show_column_filter": false,
            "allow_bulkedit": false,
            "allow_quickedit": false,
            "show_column": 1,
            "show_column_weight": 1000,
            "show_column_sortable": false,
            "key": "field_6750a8b448f2a",
            "label": "Service Leadership",
            "name": "services",
            "aria-label": "",
            "type": "relationship",
            "instructions": "",
            "required": 0,
            "conditional_logic": 0,
            "wrapper": {
                "width": "",
                "class": "",
                "id": ""
            },
            "post_type": [
                "service"
            ],
            "post_status": "",
            "taxonomy": "",
            "filters": [
                "search"
            ],
            "return_format": "id",
            "min": "",
            "max": "",
            "allow_in_bindings": 0,
            "elements": "",
            "bidirectional": 1,
            "bidirectional_target": [
                "field_6750c712208c1"
            ]
        },
        {
            "allow_backendsearch": false,
            "show_column_filter": false,
            "allow_bulkedit": false,
            "allow_quickedit": false,
            "show_column": false,
            "show_column_weight": 1000,
            "show_column_sortable": false,
            "key": "field_67a65de345073",
            "label": "Authored News",
            "name": "authored_news",
            "aria-label": "",
            "type": "relationship",
            "instructions": "",
            "required": 0,
            "conditional_logic": 0,
            "wrapper": {
                "width": "",
                "class": "",
                "id": ""
            },
            "admin_column_enabled": 0,
            "post_type": [
                "post"
            ],
            "post_status": "",
            "taxonomy": "",
            "filters": [
                "search"
            ],
            "return_format": "id",
            "min": "",
            "max": "",
            "allow_in_bindings": 0,
            "elements": "",
            "bidirectional": 1,
            "bidirectional_target": [
                "field_67a65d3756777"
            ]
        }
    ],
    "location": [
        [
            {
                "param": "post_type",
                "operator": "==",
                "value": "person"
            }
        ]
    ],
    "menu_order": 0,
    "position": "normal",
    "style": "default",
    "label_placement": "top",
    "instruction_placement": "label",
    "hide_on_screen": "",
    "active": true,
    "description": "Control the sectors, services, and offices that list a person as a \"Leader\"",
    "show_in_rest": 0,
    "qef_simple_location_rules": 0,
    "modified": 1740443688
}
