{
    "key": "post_type_66fdaf65afbca",
    "title": "People",
    "menu_order": 0,
    "active": true,
    "post_type": "person",
    "advanced_configuration": true,
    "import_source": "",
    "import_date": "",
    "labels": {
        "name": "People",
        "singular_name": "Person",
        "menu_name": "People",
        "all_items": "People",
        "edit_item": "Edit Person",
        "view_item": "View Person",
        "view_items": "View People",
        "add_new_item": "Add New Person",
        "add_new": "Add New Person",
        "new_item": "New Person",
        "parent_item_colon": "Parent Person:",
        "search_items": "Search People",
        "not_found": "No people found",
        "not_found_in_trash": "No people found in Trash",
        "archives": "Person Archives",
        "attributes": "Person Attributes",
        "featured_image": "Headshot",
        "set_featured_image": "Set Headshot",
        "remove_featured_image": "Remove Headshot",
        "use_featured_image": "Use as Headshot",
        "insert_into_item": "Insert into person",
        "uploaded_to_this_item": "Uploaded to this person",
        "filter_items_list": "Filter people list",
        "filter_by_date": "Filter people by date",
        "items_list_navigation": "People list navigation",
        "items_list": "People list",
        "item_published": "Person published.",
        "item_published_privately": "Person published privately.",
        "item_reverted_to_draft": "Person reverted to draft.",
        "item_scheduled": "Person scheduled.",
        "item_updated": "Person updated.",
        "item_link": "Person Link",
        "item_link_description": "A link to a person."
    },
    "description": "An individual Cumming Group employee",
    "public": true,
    "hierarchical": false,
    "exclude_from_search": true,
    "publicly_queryable": true,
    "show_ui": true,
    "show_in_menu": true,
    "admin_menu_parent": "portfolio",
    "show_in_admin_bar": true,
    "show_in_nav_menus": true,
    "show_in_rest": true,
    "rest_base": "",
    "rest_namespace": "wp\/v2",
    "rest_controller_class": "WP_REST_Posts_Controller",
    "menu_position": "",
    "menu_icon": "",
    "rename_capabilities": false,
    "singular_capability_name": "post",
    "plural_capability_name": "posts",
    "supports": [
        "title",
        "editor",
        "excerpt",
        "thumbnail",
        "custom-fields"
    ],
    "taxonomies": "",
    "has_archive": false,
    "has_archive_slug": "",
    "rewrite": {
        "permalink_rewrite": "custom_permalink",
        "slug": "team",
        "with_front": "0",
        "feeds": "0",
        "pages": "1"
    },
    "query_var": "post_type_key",
    "query_var_name": "",
    "can_export": true,
    "delete_with_user": false,
    "register_meta_box_cb": "",
    "enter_title_here": "",
    "modified": 1741110697
}
