{
    "key": "post_type_67a68c1652e63",
    "title": "Market Reports",
    "menu_order": 0,
    "active": true,
    "post_type": "report",
    "advanced_configuration": true,
    "import_source": "",
    "import_date": "",
    "labels": {
        "name": "Market Reports",
        "singular_name": "Market Report",
        "menu_name": "Market Reports",
        "all_items": "All Market Reports",
        "edit_item": "Edit Market Report",
        "view_item": "View Market Report",
        "view_items": "View Market Reports",
        "add_new_item": "Add New Market Report",
        "add_new": "Add New Market Report",
        "new_item": "New Market Report",
        "parent_item_colon": "Parent Market Report:",
        "search_items": "Search Market Reports",
        "not_found": "No market reports found",
        "not_found_in_trash": "No market reports found in Trash",
        "archives": "Market Report Archives",
        "attributes": "Market Report Attributes",
        "featured_image": "",
        "set_featured_image": "",
        "remove_featured_image": "",
        "use_featured_image": "",
        "insert_into_item": "Insert into market report",
        "uploaded_to_this_item": "Uploaded to this market report",
        "filter_items_list": "Filter market reports list",
        "filter_by_date": "Filter market reports by date",
        "items_list_navigation": "Market Reports list navigation",
        "items_list": "Market Reports list",
        "item_published": "Market Report published.",
        "item_published_privately": "Market Report published privately.",
        "item_reverted_to_draft": "Market Report reverted to draft.",
        "item_scheduled": "Market Report scheduled.",
        "item_updated": "Market Report updated.",
        "item_link": "Market Report Link",
        "item_link_description": "A link to a market report."
    },
    "description": "Downloadable Market Analysis reports produced by Cumming Group",
    "public": true,
    "hierarchical": false,
    "exclude_from_search": false,
    "publicly_queryable": true,
    "show_ui": true,
    "show_in_menu": true,
    "admin_menu_parent": "",
    "show_in_admin_bar": true,
    "show_in_nav_menus": true,
    "show_in_rest": true,
    "rest_base": "",
    "rest_namespace": "wp\/v2",
    "rest_controller_class": "WP_REST_Posts_Controller",
    "menu_position": "",
    "menu_icon": {
        "type": "dashicons",
        "value": "dashicons-chart-area"
    },
    "rename_capabilities": false,
    "singular_capability_name": "post",
    "plural_capability_name": "posts",
    "supports": [
        "title",
        "editor",
        "excerpt",
        "revisions",
        "thumbnail",
        "custom-fields"
    ],
    "taxonomies": "",
    "has_archive": false,
    "has_archive_slug": "",
    "rewrite": {
        "permalink_rewrite": "custom_permalink",
        "slug": "market-analysis",
        "with_front": "0",
        "feeds": "0",
        "pages": "1"
    },
    "query_var": "post_type_key",
    "query_var_name": "",
    "can_export": true,
    "delete_with_user": false,
    "register_meta_box_cb": "",
    "enter_title_here": "",
    "modified": 1740515172
}
