{
    "key": "post_type_66fda5a5ad05c",
    "title": "Sectors",
    "menu_order": 0,
    "active": true,
    "post_type": "sector",
    "advanced_configuration": true,
    "import_source": "",
    "import_date": "",
    "labels": {
        "name": "Sectors",
        "singular_name": "Sector",
        "menu_name": "Sectors",
        "all_items": "Sectors",
        "edit_item": "Edit Sector",
        "view_item": "View Sector",
        "view_items": "View Sectors",
        "add_new_item": "Add New Sector",
        "add_new": "Add New Sector",
        "new_item": "New Sector",
        "parent_item_colon": "Parent Sector:",
        "search_items": "Search Sectors",
        "not_found": "No sectors found",
        "not_found_in_trash": "No sectors found in Trash",
        "archives": "Sector Archives",
        "attributes": "Sector Attributes",
        "featured_image": "",
        "set_featured_image": "",
        "remove_featured_image": "",
        "use_featured_image": "",
        "insert_into_item": "Insert into sector",
        "uploaded_to_this_item": "Uploaded to this sector",
        "filter_items_list": "Filter sectors list",
        "filter_by_date": "Filter sectors by date",
        "items_list_navigation": "Sectors list navigation",
        "items_list": "Sectors list",
        "item_published": "Sector published.",
        "item_published_privately": "Sector published privately.",
        "item_reverted_to_draft": "Sector reverted to draft.",
        "item_scheduled": "Sector scheduled.",
        "item_updated": "Sector updated.",
        "item_link": "Sector Link",
        "item_link_description": "A link to a sector."
    },
    "description": "A category of businesses that share similar business activities and operational needs",
    "public": true,
    "hierarchical": false,
    "exclude_from_search": false,
    "publicly_queryable": true,
    "show_ui": true,
    "show_in_menu": true,
    "admin_menu_parent": "portfolio",
    "show_in_admin_bar": true,
    "show_in_nav_menus": true,
    "show_in_rest": true,
    "rest_base": "",
    "rest_namespace": "wp\/v2",
    "rest_controller_class": "WP_REST_Posts_Controller",
    "menu_position": 4,
    "menu_icon": "",
    "rename_capabilities": false,
    "singular_capability_name": "post",
    "plural_capability_name": "posts",
    "supports": [
        "title",
        "editor",
        "excerpt",
        "thumbnail",
        "custom-fields"
    ],
    "taxonomies": "",
    "has_archive": false,
    "has_archive_slug": "",
    "rewrite": {
        "permalink_rewrite": "custom_permalink",
        "slug": "sectors",
        "with_front": "0",
        "feeds": "0",
        "pages": "1"
    },
    "query_var": "post_type_key",
    "query_var_name": "",
    "can_export": true,
    "delete_with_user": false,
    "register_meta_box_cb": "",
    "enter_title_here": "",
    "modified": 1740098705
}
