{
    "key": "post_type_66fdabfbbf096",
    "title": "Events",
    "menu_order": 0,
    "active": true,
    "post_type": "event",
    "advanced_configuration": true,
    "import_source": "",
    "import_date": "",
    "labels": {
        "name": "Events",
        "singular_name": "Event",
        "menu_name": "Events",
        "all_items": "Events",
        "edit_item": "Edit Event",
        "view_item": "View Event",
        "view_items": "View Events",
        "add_new_item": "Add New Event",
        "add_new": "Add New Event",
        "new_item": "New Event",
        "parent_item_colon": "Parent Event:",
        "search_items": "Search Events",
        "not_found": "No events found",
        "not_found_in_trash": "No events found in Trash",
        "archives": "Event Archives",
        "attributes": "Event Attributes",
        "featured_image": "",
        "set_featured_image": "",
        "remove_featured_image": "",
        "use_featured_image": "",
        "insert_into_item": "Insert into event",
        "uploaded_to_this_item": "Uploaded to this event",
        "filter_items_list": "Filter events list",
        "filter_by_date": "Filter events by date",
        "items_list_navigation": "Events list navigation",
        "items_list": "Events list",
        "item_published": "Event published.",
        "item_published_privately": "Event published privately.",
        "item_reverted_to_draft": "Event reverted to draft.",
        "item_scheduled": "Event scheduled.",
        "item_updated": "Event updated.",
        "item_link": "Event Link",
        "item_link_description": "A link to a event."
    },
    "description": "Announcements of upcoming events Cumming Group will attend or sponsor",
    "public": true,
    "hierarchical": false,
    "exclude_from_search": false,
    "publicly_queryable": true,
    "show_ui": true,
    "show_in_menu": true,
    "admin_menu_parent": "",
    "show_in_admin_bar": true,
    "show_in_nav_menus": true,
    "show_in_rest": true,
    "rest_base": "",
    "rest_namespace": "wp\/v2",
    "rest_controller_class": "WP_REST_Posts_Controller",
    "menu_position": "",
    "menu_icon": {
        "type": "dashicons",
        "value": "dashicons-calendar-alt"
    },
    "rename_capabilities": false,
    "singular_capability_name": "post",
    "plural_capability_name": "posts",
    "supports": [
        "title",
        "editor",
        "excerpt",
        "page-attributes",
        "thumbnail",
        "custom-fields"
    ],
    "taxonomies": "",
    "has_archive": false,
    "has_archive_slug": "",
    "rewrite": {
        "permalink_rewrite": "custom_permalink",
        "slug": "events",
        "with_front": "0",
        "feeds": "0",
        "pages": "1"
    },
    "query_var": "post_type_key",
    "query_var_name": "",
    "can_export": true,
    "delete_with_user": false,
    "register_meta_box_cb": "",
    "enter_title_here": "",
    "modified": 1740515175
}
