{
    "key": "post_type_66fda83ded4d0",
    "title": "Offices",
    "menu_order": 0,
    "active": true,
    "post_type": "office",
    "advanced_configuration": true,
    "import_source": "",
    "import_date": "",
    "labels": {
        "name": "Offices",
        "singular_name": "Office",
        "menu_name": "Offices",
        "all_items": "Offices",
        "edit_item": "Edit Office",
        "view_item": "View Office",
        "view_items": "View Offices",
        "add_new_item": "Add New Office",
        "add_new": "Add New Office",
        "new_item": "New Office",
        "parent_item_colon": "Parent Office:",
        "search_items": "Search Offices",
        "not_found": "No offices found",
        "not_found_in_trash": "No offices found in Trash",
        "archives": "Office Archives",
        "attributes": "Office Attributes",
        "featured_image": "",
        "set_featured_image": "",
        "remove_featured_image": "",
        "use_featured_image": "",
        "insert_into_item": "Insert into office",
        "uploaded_to_this_item": "Uploaded to this office",
        "filter_items_list": "Filter offices list",
        "filter_by_date": "Filter offices by date",
        "items_list_navigation": "Offices list navigation",
        "items_list": "Offices list",
        "item_published": "Office published.",
        "item_published_privately": "Office published privately.",
        "item_reverted_to_draft": "Office reverted to draft.",
        "item_scheduled": "Office scheduled.",
        "item_updated": "Office updated.",
        "item_link": "Office Link",
        "item_link_description": "A link to a office."
    },
    "description": "The physical location of a Cumming Group facility",
    "public": true,
    "hierarchical": false,
    "exclude_from_search": true,
    "publicly_queryable": true,
    "show_ui": true,
    "show_in_menu": true,
    "admin_menu_parent": "portfolio",
    "show_in_admin_bar": true,
    "show_in_nav_menus": false,
    "show_in_rest": true,
    "rest_base": "",
    "rest_namespace": "wp\/v2",
    "rest_controller_class": "WP_REST_Posts_Controller",
    "menu_position": 10,
    "menu_icon": "",
    "rename_capabilities": false,
    "singular_capability_name": "post",
    "plural_capability_name": "posts",
    "supports": [
        "title",
        "custom-fields"
    ],
    "taxonomies": "",
    "has_archive": false,
    "has_archive_slug": "",
    "rewrite": {
        "permalink_rewrite": "custom_permalink",
        "slug": "locations",
        "with_front": "0",
        "feeds": "0",
        "pages": "1"
    },
    "query_var": "post_type_key",
    "query_var_name": "",
    "can_export": true,
    "delete_with_user": false,
    "register_meta_box_cb": "",
    "enter_title_here": "",
    "modified": 1740098646
}
