{
    "key": "taxonomy_67649c8fbfb16",
    "title": "Regions",
    "menu_order": 0,
    "active": true,
    "taxonomy": "region",
    "object_type": [
        "project",
        "office",
        "report",
        "event",
        "post"
    ],
    "advanced_configuration": 1,
    "import_source": "",
    "import_date": "",
    "labels": {
        "name": "Regions",
        "singular_name": "Region",
        "menu_name": "Regions",
        "all_items": "All Regions",
        "edit_item": "Edit Region",
        "view_item": "View Region",
        "update_item": "Update Region",
        "add_new_item": "Add New Region",
        "new_item_name": "New Region Name",
        "parent_item": "Parent Region",
        "parent_item_colon": "Parent Region:",
        "search_items": "Search Regions",
        "most_used": "",
        "not_found": "No regions found",
        "no_terms": "No regions",
        "name_field_description": "",
        "slug_field_description": "",
        "parent_field_description": "",
        "desc_field_description": "",
        "filter_by_item": "Filter by region",
        "items_list_navigation": "Regions list navigation",
        "items_list": "Regions list",
        "back_to_items": "← Go to regions",
        "item_link": "Region Link",
        "item_link_description": "A link to a region"
    },
    "description": "",
    "capabilities": {
        "manage_terms": "manage_categories",
        "edit_terms": "manage_categories",
        "delete_terms": "manage_categories",
        "assign_terms": "edit_posts"
    },
    "public": 1,
    "publicly_queryable": 0,
    "hierarchical": 1,
    "show_ui": 1,
    "show_in_menu": 1,
    "show_in_nav_menus": 0,
    "show_in_rest": 1,
    "rest_base": "",
    "rest_namespace": "wp\/v2",
    "rest_controller_class": "WP_REST_Terms_Controller",
    "show_tagcloud": 0,
    "show_in_quick_edit": 1,
    "show_admin_column": 1,
    "rewrite": {
        "permalink_rewrite": "no_permalink"
    },
    "query_var": "taxonomy_key",
    "query_var_name": "",
    "default_term": {
        "default_term_enabled": "0"
    },
    "sort": 0,
    "meta_box": "default",
    "meta_box_cb": "",
    "meta_box_sanitize_cb": "",
    "modified": 1740098581
}
