{
    "key": "taxonomy_67a925869680e",
    "title": "News Categories",
    "menu_order": 0,
    "active": true,
    "taxonomy": "news-category",
    "object_type": [
        "post"
    ],
    "advanced_configuration": 1,
    "import_source": "",
    "import_date": "",
    "labels": {
        "name": "News Categories",
        "singular_name": "News Category",
        "menu_name": "News Categories",
        "all_items": "All News Categories",
        "edit_item": "Edit News Category",
        "view_item": "View News Category",
        "update_item": "Update News Category",
        "add_new_item": "Add New News Category",
        "new_item_name": "New News Category Name",
        "parent_item": "Parent News Category",
        "parent_item_colon": "Parent News Category:",
        "search_items": "Search News Categories",
        "most_used": "",
        "not_found": "No news categories found",
        "no_terms": "No news categories",
        "name_field_description": "",
        "slug_field_description": "",
        "parent_field_description": "",
        "desc_field_description": "",
        "filter_by_item": "Filter by news category",
        "items_list_navigation": "News Categories list navigation",
        "items_list": "News Categories list",
        "back_to_items": "← Go to news categories",
        "item_link": "News Category Link",
        "item_link_description": "A link to a news category"
    },
    "description": "",
    "capabilities": {
        "manage_terms": "manage_categories",
        "edit_terms": "manage_categories",
        "delete_terms": "manage_categories",
        "assign_terms": "edit_posts"
    },
    "public": 1,
    "publicly_queryable": 1,
    "hierarchical": 1,
    "show_ui": 1,
    "show_in_menu": 1,
    "show_in_nav_menus": 1,
    "show_in_rest": 1,
    "rest_base": "",
    "rest_namespace": "wp\/v2",
    "rest_controller_class": "WP_REST_Terms_Controller",
    "show_tagcloud": 0,
    "show_in_quick_edit": 1,
    "show_admin_column": 1,
    "rewrite": {
        "permalink_rewrite": "custom_permalink",
        "slug": "news-insights",
        "with_front": "0",
        "rewrite_hierarchical": "1"
    },
    "query_var": "post_type_key",
    "query_var_name": "",
    "default_term": {
        "default_term_enabled": "0"
    },
    "sort": 0,
    "meta_box": "default",
    "meta_box_cb": "",
    "meta_box_sanitize_cb": "",
    "modified": 1740516116
}
